{"_timestamp":1.7415631183070607e+09,"Validation Accuracy sq":10.5,"_step":19,"_wandb":{"runtime":97},"_runtime":97.084852275,"Validation Loss sq":0.895,"Epoch":19,"Training Loss sq":0.9005555555555556,"Training Accuracy sq":9.944444444444445}